,A,B,C,D
2000-01-01,0.17689510668978414,0.32363919255305706,-0.10127785816251311,-0.6004966956633586
2000-01-02,-1.5534602370993638,1.4138168548733603,2.0800244844186957,-0.26853874413414597
2000-01-03,-0.9805635418606823,1.2467703949279003,0.9180351042767532,-0.3845255788774507
2000-01-04,-1.2508021970536816,1.7981859843461008,0.7452610959631811,0.11446196330263536
2000-01-05,0.7603677192055627,2.250993379092946,0.42293171628428683,1.7107276059335532
2000-01-06,-0.5481894220574006,2.22988042850797,1.2294780857530756,1.0961150227790992
2000-01-07,-0.9864521786453071,2.705910911616063,-1.2181976661465623,-0.5442551914697398
2000-01-08,0.22885742230941464,1.9909827045799617,-1.424686297077922,-0.6064524091124666
2000-01-09,1.1651338802682139,1.645581879465464,0.07145693560224564,-1.0497595877183896
2000-01-10,0.461300131874261,2.7604342955872974,1.1347423873901104,-0.9187066555196894
2000-01-11,1.3676028273253822,1.929985032516558,-0.25152233683836256,-2.363194430944845
2000-01-12,1.3912392639914704,0.45113128732766183,0.5904316479705046,-1.6204015250602206
2000-01-13,0.28156593561430876,-0.719649182436807,0.2844294111717827,-3.189570254844476
2000-01-14,0.7310959192133017,-1.1988809070181092,-0.43697079890552976,-1.930267938209188
2000-01-15,0.41778495761270484,-1.0703905098924371,-1.3722141162954027,-2.1382354293826245
2000-01-16,-0.0023882869816571617,0.36947429510043905,-0.6626976956767993,-2.3440868255283815
2000-01-17,0.3734107885854731,-0.9781219564046157,-0.7735841609931272,-4.662542632782574
2000-01-18,0.024148613701549915,-2.4018002326488235,-0.8472599618430303,-4.837034047546065
2000-01-19,0.9949169968234473,-3.061607446850688,-0.5359288699929801,-4.617463674770002
2000-01-20,2.5129058058874545,-4.215223026929582,0.17402820817097142,-4.293541030507895
2000-01-21,0.7048702095830792,-4.00541715663546,0.2624754481130577,-3.6509150951993012
2000-01-22,2.3673229264365103,-3.8215741685924836,1.048238299334472,-2.937951083262965
2000-01-23,2.9139729889060337,-4.793255388406348,-0.41337572565368874,-4.2956906650834705
2000-01-24,2.113571814702838,-6.68570980030147,0.19694396776096212,-4.086045783944163
2000-01-25,1.7486206106456654,-7.741431378302503,1.5548937796715565,-3.9569674361297573
2000-01-26,3.241884644552324,-8.76770399440077,3.0772546626498714,-3.784864699952752
2000-01-27,2.868921209688907,-9.786891062652247,4.012086525061346,-3.333453112330712
2000-01-28,3.9904025120598314,-8.608897234140551,4.415637259294503,-1.9697122511900378
2000-01-29,4.460484131053155,-8.888669166484853,6.72811360900497,-2.6574185388131646
2000-01-30,3.1236248957179296,-6.637047075925752,7.606458602523275,-2.7926909276300806
2000-01-31,5.102731554077905,-6.41217336448948,7.281977374027771,-1.267478979165909
2000-02-01,3.797840694271622,-6.399782707184839,5.924734617387898,-2.955338888713072
2000-02-02,3.353150050467727,-7.435864365585371,7.827879296927106,-2.541892640767726
2000-02-03,4.328408820607826,-5.678955556774782,7.945588610102766,-2.292700682392873
2000-02-04,2.1864330988765044,-5.5807812931697365,7.613476828628505,-2.8232310201756046
2000-02-05,3.4437737452878587,-6.45491478612492,7.733989251211914,-3.22080668587858
2000-02-06,2.454194835804353,-6.813054917249821,8.438987837230108,-2.9843392713723476
2000-02-07,2.2824339082322336,-5.34223077512356,9.066786878383557,-2.4112163693885296
2000-02-08,1.0757791149134133,-5.709072435474915,9.790829325505632,-2.2263266063583145
2000-02-09,0.7899028448863518,-6.607151649622455,9.484128580970241,-1.7535846942648416
2000-02-10,-0.030786492749363847,-5.036363242639515,8.871721119616732,-2.8336164120290466
2000-02-11,0.28991813108154635,-3.2437941809720505,7.506826708349113,-2.8137999907661917
2000-02-12,0.17378609199359113,-3.1068186703713607,7.0810399836341515,-2.2922162911817754
2000-02-13,-0.010085950793409626,-2.5760675641935764,6.8179327022133,-0.04283547930323017
2000-02-14,0.06637525238751982,-3.503459996711335,7.544233097560455,0.01179712123639167
2000-02-15,0.684750082023429,-3.6113981459870392,8.178120256192942,2.0358617898819205
2000-02-16,-1.7623326824870262,-2.6243851327745418,8.234538391744872,2.3428111397899207
2000-02-17,-2.4452021366407264,-3.806896208388343,7.620027482376874,2.271784591296932
2000-02-18,-1.773158632430476,-3.3927026864041583,7.002725658257889,2.535497466528943
2000-02-19,-0.8938955712182692,-2.2987490218411764,7.5750198089931455,2.4504286053037414
2000-02-20,-0.2827879453149623,-0.6433238326366022,7.061112184279774,2.829996531219518
2000-02-21,-0.883664323764639,-0.34324187028263364,8.22873677573182,0.9639805676569198
2000-02-22,-1.3830239774310067,-1.2737992129930635,7.440397950666,2.8968814955521838
2000-02-23,-0.4493871781256622,-2.385352051249514,7.9353836244196625,4.824034021415749
2000-02-24,-0.4528351467062486,-3.923441650760971,8.230620845943712,4.490501356426582
2000-02-25,-1.1435630961173566,-4.925959349921712,9.8442520582672,4.090072123228275
2000-02-26,-1.019484521486521,-5.973221918781062,10.660104671616171,5.583915444956226
2000-02-27,-1.9522690587398837,-5.221746336168701,10.608680271103788,5.832437893874933
2000-02-28,-0.7707437025766994,-4.2419643708324815,11.4577437345514,5.145649949866809
2000-02-29,1.6381422486326849,-4.0723481733790114,11.585852833951357,3.5797284955406075
2000-03-01,0.6314908157493775,-6.5134290508000685,11.663768008405109,4.481107842864087
2000-03-02,-0.45486024274858927,-7.815925120901033,11.600406692009143,3.954183297387326
2000-03-03,0.47512020629444107,-7.417099157000267,11.641658874503367,3.9043669628875084
2000-03-04,-0.1370653760982521,-7.185325093884733,12.022835808085533,3.7413659319621244
2000-03-05,-1.2469728367071524,-6.758354578647163,12.03807646114086,1.4400289026475832
2000-03-06,-1.3484892365419288,-6.153050186527217,12.714786550203451,1.9104299833233094
2000-03-07,-2.184979358275447,-7.027484766631792,12.712228994745981,1.6519291653375527
2000-03-08,-0.621784726532493,-8.430143564709361,11.688652716134822,1.400216537927643
2000-03-09,-1.5018776198947008,-8.552886867491713,11.14287756651584,1.8083390314343757
2000-03-10,-1.5531924397402987,-7.798753137550586,11.222300801155734,1.6106272594334998
2000-03-11,-1.015069839167958,-6.959224259608767,10.388051071967386,2.7238508416140093
2000-03-12,-0.6908932786410136,-7.468151030818473,10.753345609838297,2.7824123359398736
2000-03-13,-0.11344429150820057,-7.559054743370235,10.276007378239921,1.7453759904351291
2000-03-14,-0.6469603334812857,-7.975824691188597,10.66563931998135,1.1744699368746878
2000-03-15,-1.8111340563865006,-6.88268473112991,11.498144696972213,1.8436831158424885
2000-03-16,-0.4932430287464338,-7.397648909253742,11.358542951435602,1.3191558455320092
2000-03-17,-1.458398549280043,-6.191638557802569,10.888070718801808,1.64375114654504
2000-03-18,-0.0042244422202684095,-5.556028881613464,11.030003675435538,1.2343191201804866
2000-03-19,0.6567380039044091,-5.43893937646956,10.684352443241705,0.7961739637764486
2000-03-20,0.46597513292272963,-4.291133283001926,9.504700524756398,3.147842290911242
2000-03-21,-1.0924679611450525,-2.873345558589379,10.855896185977585,1.7749886867718583
2000-03-22,-0.24238006087222663,-3.674665401769884,13.166693502518418,2.926337093041821
2000-03-23,-1.3595764739674203,-2.056569561308282,13.74942067369687,4.185104529575561
2000-03-24,-1.9367795807013628,-3.0778286035688804,13.80251006866797,4.571264735124728
2000-03-25,-2.2812928244019184,-4.924657021108906,13.542797957028972,5.018135116278591
2000-03-26,-0.6213410396535297,-4.486512727821368,12.881700705539723,6.537786813374165
2000-03-27,-1.2256696543314525,-5.393704216105282,12.458819736600079,5.636195883081578
2000-03-28,-0.5339816522881485,-5.616490414174808,13.00714470305702,6.754484865087228
2000-03-29,-0.5342163499587957,-4.142750076313991,13.956483416063389,7.2595991049185455
2000-03-30,-1.1599660409399792,-3.4230983340711747,14.853401586344646,8.209597380018465
2000-03-31,-1.783079654716801,-2.37097068422106,12.9935742153022,8.190548669022352
2000-04-01,-1.0261633378105608,-0.2199184371524061,12.918169513846104,7.465036588587867
2000-04-02,-2.4669114659005515,0.002047446921438739,12.479258712918062,7.7385069023001245
2000-04-03,-3.4976265802054876,-0.19015143068878818,12.596898697971977,6.924724977346985
2000-04-04,-4.420615303340643,-0.6561928373854948,13.692640362925578,7.093530344758287
2000-04-05,-3.6863883224961587,-0.1600149434869832,14.428325237755828,7.202245993942959
2000-04-06,-4.031792417054346,-0.9710469258919076,15.577414263697708,6.408499889282779
2000-04-07,-3.157964179287393,0.2835757052004729,13.989755573726482,4.865710991783385
2000-04-08,-3.2004796304197867,0.4686670464615649,14.265873205115371,4.039025256722536
2000-04-09,-3.9234137225931374,-0.4687320927269232,14.078136429845763,4.363975222015541
2000-04-10,-4.15161564912411,-0.753231575975077,14.904527096495704,4.927254508714908
2000-04-11,-4.429995761985761,-0.7691017817397258,15.594908119742346,5.00637138487991
2000-04-12,-4.901012248027598,-1.0308342552120635,13.616649435914239,4.49950937534947
2000-04-13,-4.3948744706735825,-0.7108168034246871,11.94825702859239,4.55549388514844
2000-04-14,-5.013025116644703,-2.0939720383491975,10.726793015884027,4.621483660545732
2000-04-15,-4.299701548702898,-2.5152418509557943,11.578195436111624,4.183202677037917
2000-04-16,-4.184486253501913,-1.194966737471563,10.833904705884228,2.6326903513862385
2000-04-17,-4.950873030323132,-2.046492800661954,11.327930726621174,3.201775839429122
2000-04-18,-4.212040059591948,-2.859393112029454,9.384674129215224,2.876142317090115
2000-04-19,-3.6267041467185495,-3.907144120565931,9.341157277384243,1.8424498820894013
2000-04-20,-1.6172114989341564,-1.7903902794680935,11.788498289085764,3.485990948572124
2000-04-21,-1.7061822242645202,-1.0477255759153299,11.278102345297674,4.1050560914228225
2000-04-22,-1.6772466185340562,-1.05561005406475,12.543598544193841,5.832766569520096
2000-04-23,-0.33415415048514574,-0.6991457929852201,12.520854754774383,5.873992151369248
2000-04-24,-1.121913261763156,-1.4539742578247,12.585315168875328,6.419776791877224
2000-04-25,-1.1716668306845004,-2.1707670675215933,13.746637915615047,4.334723581043092
2000-04-26,-2.4516733071923404,-1.2260296188954034,13.473172910013941,3.2362746075628444
2000-04-27,-4.52044643800874,-0.4803321843180185,14.828890218789184,4.006376264051082
2000-04-28,-3.213266609233339,-0.8093030758850452,14.311274245105325,3.2971353455221832
2000-04-29,-4.123790866311364,0.9747222437244312,15.477658475727363,5.2106807674287605
2000-04-30,-4.653448954557625,2.146923951464709,16.259488236560365,5.395180571988673
2000-05-01,-4.464712186088429,1.4061418339864877,14.894105935977477,6.45500255458211
2000-05-02,-5.767295193546024,2.9009862669008766,15.669044995272914,6.2448059307854535
2000-05-03,-6.931665231456761,2.731400184499264,15.47571068670836,7.301859463332406
2000-05-04,-6.773084703823694,2.9775702733481997,15.192375370429795,7.830787298752662
2000-05-05,-8.707264106214724,3.731309785320948,14.446039077197998,8.613215375738207
2000-05-06,-7.344332784974451,3.5004552485548612,12.840552085199796,8.580259190602373
2000-05-07,-8.455780065009229,2.474950724678659,11.550601941997359,8.872152164337892
2000-05-08,-8.13231248811614,3.0683631547397225,11.430617662986558,8.611139872468215
2000-05-09,-7.766230301640536,3.096413213704341,12.730246503736392,9.749494159042996
2000-05-10,-8.972605005737877,4.157363582710962,12.81279269200653,10.669886783012482
2000-05-11,-7.885987003979204,4.472453617704385,12.323556802890536,10.91142374995324
2000-05-12,-8.414091489163987,4.392656539127981,11.116956857943336,10.408305069122482
2000-05-13,-8.264806228550633,4.872307478405596,9.815214820024107,11.407605663280828
2000-05-14,-8.500448249251502,4.210219528106489,10.333126629036764,9.904906764122295
2000-05-15,-8.214105044797387,4.666683872585459,9.357780307475458,9.497220690088806
2000-05-16,-9.746248888770166,5.790728235628336,8.604656739855539,8.495480636229505
2000-05-17,-9.383126708744518,4.379093148376471,7.926593224800124,7.925141734451538
2000-05-18,-8.522644699330794,3.3904174235113276,8.133848168569846,9.09531577372093
2000-05-19,-8.993326557315111,3.41357770022775,10.053406969375231,9.199816419459603
2000-05-20,-9.599283684005064,3.6465563488862927,9.340835505024458,10.31497379657451
2000-05-21,-7.4309290837813275,2.756016167424856,11.671630731922178,10.075146765740486
2000-05-22,-6.6704281369336496,2.845031701236765,12.741447638190131,9.508716751817557
2000-05-23,-6.301462296954988,2.4911822984623653,11.553335839026403,12.736866943071368
2000-05-24,-8.598178032158406,2.695831207383117,9.616546887199235,13.779904434931483
2000-05-25,-9.608792095768498,2.160971061898496,9.085691906863454,13.658017382259661
2000-05-26,-10.866688113552224,3.534408821753838,8.517258584344805,12.583544431665908
2000-05-27,-10.860123000931138,3.636271140790924,9.472491242222983,12.291581141534026
2000-05-28,-9.899537842565586,3.3988279192402255,9.236934378702216,12.29225204394043
2000-05-29,-10.389662806006882,2.5664318634596865,9.84798952155001,11.562194659454597
2000-05-30,-10.39152262242402,4.453328592612953,8.838061282464063,12.074865847879918
2000-05-31,-9.346671910378783,4.404064168930116,7.3285395170919685,12.95747128734074
2000-06-01,-7.494151567691257,5.537292880245631,6.010927217753495,12.244437340283744
2000-06-02,-6.387645593159669,5.877726949392394,6.0121699407926075,12.518420011935527
2000-06-03,-6.1246089192532365,6.175889879990843,4.998568420432953,11.606725919690023
2000-06-04,-5.602536191831884,6.839135749154892,4.75623824693632,11.112416715260645
2000-06-05,-6.892887728103529,5.754908964229523,5.239429133714831,12.579056892999528
2000-06-06,-5.637138892673946,5.573772883118057,5.441768598937847,11.216361203887512
2000-06-07,-5.022711608378498,5.706913947136421,4.766829563614681,11.013879606725697
2000-06-08,-4.863672594939596,3.2382431282345774,3.5992597704471665,11.369882054623133
2000-06-09,-6.170643503416715,3.112223053855745,2.1032244989168585,12.116293415759587
2000-06-10,-6.835484896565857,3.0682159885493214,0.7841091062325536,12.040782470394127
2000-06-11,-5.95708234859128,2.753598180733634,3.72033683688987,12.37892038073517
2000-06-12,-6.601416239738244,1.3102867125974795,4.243919603598966,12.621200630500233
2000-06-13,-7.0128672942416515,0.43247348415960885,4.543994940359036,13.605721986822303
2000-06-14,-5.1158230366914355,1.6735135801180405,2.776787461556031,12.432320771118672
2000-06-15,-5.313629295976064,2.2120311323910684,1.9742618345851999,12.376014931082484
2000-06-16,-5.291103511745796,2.5454206450132113,1.4522508643041054,12.614136633027353
2000-06-17,-5.18353449515095,2.7814509250684103,0.4277446997854888,11.627759129796615
2000-06-18,-4.9780913167090475,4.786443195028985,2.484818785778434,12.810788473637778
2000-06-19,-4.446545705326958,4.973557839878656,2.2443391233522245,11.72190703440455
2000-06-20,-4.97174081105732,4.322175553752749,2.1653126357750447,11.382433187436726
2000-06-21,-3.4912925990124144,5.5074850110176286,1.4675366975478545,11.11635829863628
2000-06-22,-2.5297767495038914,5.98160969687449,2.8437965845414324,11.098210341479115
2000-06-23,-1.7125530416869137,7.207837875744763,3.1967337991010214,11.594293910183106
2000-06-24,0.13789942073470973,7.887733556075465,2.8100366438891866,12.076798715051392
2000-06-25,-0.09036785069261194,7.082925692438597,2.698818901439706,10.720426299089324
2000-06-26,-0.4727249804389051,7.18277618697526,2.9978104239135295,9.889329066647653
2000-06-27,-0.03990933937016622,7.55524485015153,2.8084139523464375,11.367463649213839
2000-06-28,0.0720676523971831,9.976471373696349,1.672034625968117,12.870627935881823
2000-06-29,-0.4009830155463203,9.619395895839162,3.05291625552184,13.352850157820033
2000-06-30,0.8483720492028555,9.163999756889455,3.378820444009845,12.31925667180283
2000-07-01,1.9675708549478175,9.610783175133726,2.3446991718658996,12.141038283579855
2000-07-02,1.9212661257052182,11.66110138127082,2.6100749568783614,12.857172004697517
2000-07-03,3.279245676941903,10.875029017975319,1.1791752849924244,11.67539615200797
2000-07-04,3.8006104188568566,10.604760758933534,1.4791633258198624,11.169542147424197
2000-07-05,2.8352346133351025,9.764978086585769,1.0589536223446967,11.563141584508294
2000-07-06,2.7041666916995224,11.127093622550822,1.7241130262389852,11.549086164408518
2000-07-07,2.190040394600204,10.915571552687956,0.5072617456229371,13.894644172893589
2000-07-08,2.111546029580526,11.46546232494899,0.8988947673521469,14.13084221264619
2000-07-09,0.9723623632232807,11.953221235941745,0.6400132400318833,13.26313164170477
2000-07-10,0.32547013620974563,11.319219631500296,2.0217231681027976,13.630831883279578
2000-07-11,1.1418420822407245,12.076946539819586,2.345122976958088,12.230392436714808
2000-07-12,2.0416569394290187,12.402125507065865,0.3322313225854039,11.265031567106906
2000-07-13,-0.07520828420287273,11.78395024241247,1.175968377991384,9.144526892638371
2000-07-14,-0.8943817778437678,13.383172460955391,0.031321644742927424,10.099817323788615
2000-07-15,-1.7240615353708726,14.826857247525886,-0.07710578816532272,9.823529513268573
2000-07-16,-2.56781321155127,13.686342721499779,0.8753420917232495,9.708256128777693
2000-07-17,-2.349486954135811,12.604838869156204,-0.1750383071373358,10.43437420467424
2000-07-18,-2.5775381703450897,11.46679943040121,0.990622321644516,10.641964890456928
2000-07-19,-2.568151988626574,10.719677222069054,0.28483277645733374,10.768935068846758
2000-07-20,-1.3550387745187256,10.48358719893258,0.05151121533964345,11.097365823752352
2000-07-21,-0.9163760740001918,11.206302002204328,0.610211386109389,10.87969055660634
2000-07-22,-0.7307878751302714,11.48547806729091,0.66290940899972,9.814908492338029
2000-07-23,-1.1731652684562044,11.075257327011379,-0.4168804549013786,10.455084488699072
2000-07-24,-1.548751578896764,11.173212200956888,-0.9905277179689246,9.963448201311497
2000-07-25,-0.8479323017163967,11.675094775250752,-1.132681559347232,8.746918511067319
2000-07-26,-1.2076190582939137,10.812486809579374,-1.7981997609978209,8.034328118808663
2000-07-27,-0.991082300067569,11.888738010738134,-1.8129170933837129,8.26885062165388
2000-07-28,-0.4776585922142058,12.327236132030752,-2.014366646503813,8.255876043933922
2000-07-29,-1.3578593194758888,13.088580448860254,-3.4472415367845732,8.341288771274277
2000-07-30,-1.2534743825931078,12.864950744559112,-3.0147563747543145,7.010864163318875
2000-07-31,-1.7997176047767907,11.462267105110923,-2.9353712073850247,6.276353809791176
2000-08-01,-0.2539670741243656,12.646879740703646,-2.175561829710002,6.9654125637708715
2000-08-02,0.36970712636128455,13.338633782816254,-1.8313461656366299,7.569141619916021
2000-08-03,1.0917922182642879,12.681896807286385,-2.4681957300373387,7.7090073167838735
2000-08-04,1.7057059207053022,10.638221301453601,-2.685689927400656,8.149090618476157
2000-08-05,4.0131143578644135,11.996796884035767,-2.7965737856587825,7.0759410628709425
2000-08-06,3.7596397230181906,11.749944535029975,-5.666195011435262,7.865898855683866
2000-08-07,3.966500129301988,11.853059144497772,-5.6950559960621,7.312048149294145
2000-08-08,4.471118745979626,14.58091193977041,-4.352435171201186,8.423458977532063
2000-08-09,5.936336313865633,16.061406155336506,-4.670157144819774,6.875769998538765
2000-08-10,6.073557157237243,15.15548971636358,-4.605969282130964,8.20555145769602
2000-08-11,5.197781797591458,15.317677881509766,-5.006080169566189,8.366946138617852
2000-08-12,7.046418775526925,15.529946567104469,-4.278155255038402,7.843128222139599
2000-08-13,7.410599446591579,16.70134430294945,-4.918721115149307,9.042890010303779
2000-08-14,7.129309902019586,16.132714935839346,-4.783166916330229,8.611800498091124
2000-08-15,6.597430163974538,16.076177618811148,-3.8988421445176296,9.14912250560134
2000-08-16,6.688337114239751,17.788592737101894,-2.954203679274627,8.2920282815204
2000-08-17,6.9420820292985415,15.826386469116848,-2.37351753691406,9.355029987669935
2000-08-18,6.393047271013666,16.774287598794928,-3.0518516087880574,10.47537687816158
2000-08-19,6.4845616016676555,15.569859276040578,-2.827207510972454,9.93204892743953
2000-08-20,8.395652950314894,16.98917285319919,-2.444862475040855,10.14242625050222
2000-08-21,8.18631654447233,17.415573473582494,-4.33152158710145,11.715844441393992
2000-08-22,8.329158131551337,16.665676662827092,-3.5280445604496857,11.116464660446097
2000-08-23,8.308430857461005,16.23688025714994,-3.600333046322898,11.294641764329405
2000-08-24,8.087745137258459,16.819399256024333,-2.822745681398554,10.547384403404937
2000-08-25,9.1207890859007,17.462016723980124,-2.5875450049829958,10.798541153556299
2000-08-26,9.382616718984288,16.849302390009814,-4.176426912752036,9.396337328945291
2000-08-27,8.917057527782307,16.43788769195017,-4.214593901926346,10.424812197109297
2000-08-28,9.187640692729914,14.496671800113367,-4.638538445895694,10.284013795448388
2000-08-29,8.39131140425348,14.475395647871323,-6.838399721985256,11.4918704055662
2000-08-30,7.710372821204466,14.095329340787247,-6.169056768040975,11.663564106568712
2000-08-31,9.29624409158138,13.56783349020618,-5.448153775603529,10.843659194382552
2000-09-01,9.810944023189828,14.702344465776438,-4.549700047806758,9.435244481751896
2000-09-02,8.969349936539533,14.738585428492637,-4.636183174813367,7.589000510524103
2000-09-03,9.93018880541976,12.556131299503477,-5.053663724918123,8.353944428284642
2000-09-04,10.999118720257101,13.438467836243028,-5.506708249820396,8.185753114973135
2000-09-05,11.131730091971534,12.542759799993435,-5.004756474083193,9.230662063789323
2000-09-06,12.76706322569176,11.999247776906806,-4.9182463419702795,10.139815281081136
2000-09-07,12.587336813320414,13.655251212343451,-3.1437460187925064,9.40267545967827
2000-09-08,12.346387039422241,14.297953040137747,-2.9116851304188556,9.28741224509363
2000-09-09,13.322362688211253,14.161655644880769,-0.9338443185353025,9.678238430239931
2000-09-10,12.888678767484276,15.179356082159885,-1.783966904451671,9.203461722832417
2000-09-11,13.153971908959917,14.310275115195694,-1.7434195688338296,9.305944452999185
2000-09-12,11.305604805027611,14.721537182085802,-1.6876041136457913,10.619140753003295
2000-09-13,12.552346726938088,13.643020971464852,-1.7212367349585915,10.533073314862078
2000-09-14,13.353693161724504,14.579388228915159,-0.7579313840642213,9.333881335467783
2000-09-15,14.115931096731245,14.198182269932639,-1.5524142082758328,10.091933671779293
2000-09-16,15.123161177704084,14.933891147075599,-1.6903163643736385,10.440526297240988
2000-09-17,14.340412504606281,16.12527916646967,-2.3194465523355987,9.918439874860294
2000-09-18,16.471725606975152,16.707671133011974,-2.1715912500914096,10.24430734405903
2000-09-19,16.99433445856926,17.459036951810077,-1.7480313128084228,10.95293932462
2000-09-20,15.858079924912012,18.09039763429082,-0.25488253358239255,11.765300717085893
2000-09-21,17.453156912927895,18.69944114388964,-0.1609609019598395,10.728756582947451
2000-09-22,17.510323765375485,21.593885759073196,-0.9155018372072187,11.69221506429766
2000-09-23,17.931668356807524,22.80976576785384,-2.4287052164677205,12.750087535870884
2000-09-24,18.89332217702905,23.920299876769953,-3.3019912957641786,12.81699919254829
2000-09-25,20.721923084195545,22.11095086828705,-5.531008754324775,13.290762545433902
2000-09-26,21.4136410338052,22.270687744177813,-4.790114657483811,12.90670017306339
2000-09-27,22.286589504061308,25.21382175758994,-4.499158087635325,11.511121385719937
2000-09-28,23.123417572369902,24.064422801070503,-4.583707713806573,10.86541316773391
2000-09-29,23.623212088464566,24.356152859107322,-3.8171758492961465,10.653477247265123
2000-09-30,23.088555044850985,24.89933063535479,-1.7938309419142735,10.631499418542878
2000-10-01,22.41463911079614,25.246606989599922,-1.1648439155896984,11.096684003499398
2000-10-02,22.36277913129175,26.467470072411494,-1.532160368173971,11.024884104001432
2000-10-03,22.393638354021572,25.552555668692143,-1.364712456380219,11.531583040648425
2000-10-04,24.084483643436936,24.35335118631024,-3.128969509714598,11.653092072698787
2000-10-05,25.86547760013515,24.625845696467497,-3.1156731037166,11.410228518409529
2000-10-06,26.468274951227095,24.076756195309887,-2.36336173413527,10.80786187943262
2000-10-07,26.601277847756396,22.445990124947024,-0.6967886794820997,10.835565041492307
2000-10-08,26.444584391862147,20.917103683941573,-0.8637709760478818,11.348956763678757
2000-10-09,25.624282265521114,20.94031599212575,0.2723958770363959,13.168422291671472
2000-10-10,25.12532019134801,20.02328691197335,1.3584206320296386,12.100976973418684
2000-10-11,24.266455013021034,20.31360249512771,0.14807030822532807,11.975733128896373
2000-10-12,25.409355377267676,20.137538515635597,1.3638201667802379,13.713002147625545
2000-10-13,23.505814264620017,20.306261554646035,1.9021610261032518,14.437951733087818
2000-10-14,24.271860065029895,20.110005616208216,1.5708455827745351,14.27938140470012
2000-10-15,23.161621300305484,20.454010083104833,2.1821886868406817,15.477768845007732
2000-10-16,23.851963798620055,19.544541362076107,1.562980334640763,15.62061535321929
2000-10-17,23.616482231524387,20.22239414415674,1.362184982214302,16.01026580406132
2000-10-18,23.010489931045708,20.27838848447466,0.34495769130508,16.014635650374608
2000-10-19,24.38307252645413,19.652982412044604,-0.6476827416811513,16.662497340490486
2000-10-20,25.019065164815842,18.730929930152225,-0.974508329722169,17.298798870477814
2000-10-21,24.470506866149403,19.291471524746814,-2.4939591205417213,17.365761700272504
2000-10-22,26.44846858638941,18.218430931167756,-0.4388618863488407,17.439690345781404
2000-10-23,28.06274058234024,19.71171266858534,-0.17449676524491003,17.62430456099933
2000-10-24,28.591639290441528,20.02396408350741,0.2423353748744667,16.153170040408135
2000-10-25,30.36463074159843,18.63999994173862,0.8448612112731795,14.303908492010333
2000-10-26,30.827541284120553,19.045030757336747,0.5654063296101338,16.01836155165689
2000-10-27,31.601396051941162,19.17491562849347,0.6620584957361845,16.952329295147184
2000-10-28,31.23358295983709,20.81594705971371,0.2291230194040711,19.688181038797676
2000-10-29,29.954920392024057,19.911442627351178,-0.8195535784994906,18.560181867447792
2000-10-30,30.200156734624603,19.9532259874236,-1.1256646026492096,15.39225158740402
2000-10-31,32.14103796303523,21.072282685823676,-0.2464395906297394,16.823167292044037
2000-11-01,30.76723723800965,20.074835396418322,-1.291181988508121,17.29707952311115
2000-11-02,29.970843219844586,20.18618252978933,-1.1011519953282871,18.684340512728763
2000-11-03,30.88296393070883,19.61586330802213,-1.8398431182528046,18.93888149056182
2000-11-04,31.031466003859514,19.014305771814115,0.49593123089136215,16.571245427909336
2000-11-05,31.973696676055244,19.47541013349727,-0.1612653171109426,15.581721751943473
2000-11-06,31.566706563062045,19.433004117366888,1.2184937002392997,13.709699943502294
2000-11-07,29.613465858303396,20.573272805317263,1.1506772347135745,12.816286539891959
2000-11-08,30.703112737839103,22.020981388998813,0.43157637853338926,13.04028938908491
2000-11-09,30.87508589902536,20.946585452444943,0.21691367119592517,11.724011602767025
2000-11-10,31.007452479605007,21.156470505550274,-0.7194289666150372,13.912528770687262
2000-11-11,29.956164239272123,19.665076922518573,-2.0723871256842177,13.60902135592679
2000-11-12,30.252551777499118,20.056189910915514,-0.19670606022553372,12.87472639939469
2000-11-13,28.475339055280386,20.027449777698852,-0.9936311601880105,13.54158545424507
2000-11-14,29.09253872055152,20.98832593939608,-0.025080857184169414,12.563598586545362
2000-11-15,29.718737725217405,20.924604686259883,0.008944220750448692,12.961595059661652
2000-11-16,29.46788962605576,21.58519251976593,-2.8299287910335718,12.669098746399795
2000-11-17,29.66440589698393,19.57971449160685,-1.8857999036873054,13.888779428618863
2000-11-18,28.940968633601393,19.401072012375113,-2.1525719325506376,11.885790128029292
2000-11-19,31.202518490870915,17.218441641898654,-2.2460627475247903,12.189327084810301
2000-11-20,30.14311633478081,15.946425769471015,-1.328476134768286,12.309023223769104
2000-11-21,29.106738123343728,14.650834421733734,0.6860094093576512,11.428146613294428
2000-11-22,28.531442864953245,15.767947792939193,1.0795532417932645,11.08717975869311
2000-11-23,28.94201822274677,15.28775676773287,0.3533117524168846,11.626131229578306
2000-11-24,28.361373079385626,12.927526926580075,-0.7967970040355093,12.348898001964262
2000-11-25,28.241358309535997,12.872215831670621,-0.418465018735798,12.213231130830195
2000-11-26,28.28645518327618,12.207988757827868,-1.3668224009493115,12.43240660893813
2000-11-27,30.705466198573458,10.637502624778731,-2.8303563112595267,12.138459126703143
2000-11-28,30.994318608142287,12.39326831771665,-2.0642159323623805,12.542692921111371
2000-11-29,30.829146053703173,13.2398284802392,-1.8569979254317095,11.699359427959575
2000-11-30,32.335694463787334,12.932888552904869,-2.4155540503076116,11.65210637420239
2000-12-01,30.63379160762613,14.28374472294876,-3.047355616302095,11.38283137140699
2000-12-02,32.29423044226696,14.746803255645053,-3.2106178130227083,13.794400633086678
2000-12-03,31.650932256094745,15.409209527965988,-3.7405499216013833,13.330299852465874
2000-12-04,33.983678160316856,14.756679205877685,-2.891086537253727,15.232625385558784
2000-12-05,34.6878813958595,14.705019401175264,-0.2299998950634481,15.099764658596461
2000-12-06,34.08852498137547,14.73835737030544,1.1950251794391211,14.612722686006649
2000-12-07,33.44773626915722,14.673513347698506,2.958731342428888,15.080905487256638
2000-12-08,33.62863679220584,15.941977260437039,1.6612672511669697,17.887005925998594
2000-12-09,31.68354965855609,15.32335897669126,1.3448273559703423,18.49201599384756
2000-12-10,31.94671778849536,15.723971684177888,-0.4273705821678999,18.28986605468618
2000-12-11,32.15233226590541,14.205750776360743,-0.9463594973929388,18.21175393173983
2000-12-12,32.652920363702606,15.941272706234756,-0.44209117449657886,16.77886431585629
2000-12-13,34.63590445358119,15.242394567286219,-0.9021778925650098,19.313919165500756
2000-12-14,34.168320580461,14.647071049454285,-0.7737822362853242,20.160301895431758
2000-12-15,33.13599587272697,15.69371961184845,-1.6704830743258043,20.879935339326096
2000-12-16,32.23834762799537,14.318035502850313,-2.2107944917515745,20.855645574562775
2000-12-17,30.30981308489382,14.21665695350798,-2.1490277144850527,21.117614687789953
2000-12-18,29.518009296044223,13.822567855574395,-3.095554824165468,19.010830182882458
2000-12-19,28.97374832706119,13.736554597061007,-3.2161669384785347,19.26551447149356
2000-12-20,28.13430925286996,11.464525305117933,-2.7235499449375102,21.286519231837648
2000-12-21,28.672886712544873,12.307712205164663,-3.802073269860678,19.892238076576497
2000-12-22,27.926301074731978,13.364660853138195,-3.005490450158095,21.747376623887572
2000-12-23,27.644683427407397,12.610694646164799,-3.346254325932924,21.402326587045643
2000-12-24,26.142224481149785,12.279465553820977,-4.111845210979485,22.321138357938793
2000-12-25,28.107356253050614,13.180896640695735,-4.051427401176256,20.67404593304326
2000-12-26,28.034134104166952,10.965170688548874,-3.7110345166345002,20.2476913095482
2000-12-27,26.857273048827196,9.736190638089669,-3.312251679525688,21.534605645264296
2000-12-28,26.576941555738316,9.376806067605395,-3.8933231675452724,21.018146368174943
2000-12-29,27.36185382491077,9.577168976251466,-4.6495564824586,21.160933098511055
2000-12-30,27.679554841428345,9.525673453709345,-4.6688770537588935,20.187703015669147
2000-12-31,27.366936385704378,9.6929112581819,-5.097827440594466,18.29167429549384
2001-01-01,26.774668677143968,7.123052528922008,-5.538794370692715,17.86325601724099
2001-01-02,27.627905963295493,7.03353373501354,-5.949737207573023,17.420833044888763
2001-01-03,28.12367195723883,6.701799602588934,-5.821268428293554,17.35376519679673
2001-01-04,28.502922689433973,5.402092285825541,-6.258475623857065,17.331082621981903
2001-01-05,27.453813039325325,4.96356557017567,-7.088380662551139,18.872010068502586
2001-01-06,28.002183227519627,5.384446554113769,-6.323098000202367,17.31182742348666
2001-01-07,28.981199341210868,3.668168032987978,-6.9902237968080225,16.59536671085698
2001-01-08,28.0481222909223,3.132096586906301,-7.0494939574209745,16.301400147211204
2001-01-09,29.284996639360426,3.5769318659053377,-8.40586835266189,16.928889150254516
2001-01-10,28.5428785798176,2.187200975248813,-8.753289251222233,16.655910576360583
2001-01-11,30.15427003457442,2.3124718627368925,-8.898746607837571,17.682066252510467
2001-01-12,29.778955431057106,2.659636060084535,-10.104940511884433,17.17816065817317
2001-01-13,30.706831164336066,0.1813196148008518,-11.379889263553565,17.85281093199866
2001-01-14,29.511700137441608,-1.0407187824119721,-10.851317839152209,18.518825775518742
2001-01-15,28.81569501743963,-0.5380379870039611,-10.874458002699118,18.903827549344054
2001-01-16,28.56826183495812,-1.4443105340129447,-9.44649130583619,20.301660393072318
2001-01-17,27.60956295331621,0.12387305823713546,-8.771634015019593,19.499301648541085
2001-01-18,27.363359329116186,-0.005054349082265042,-7.773975846185109,19.229401658506138
2001-01-19,27.67226916734699,-1.2878656911363386,-7.206258616637026,20.29759827619746
2001-01-20,26.335510245705812,-0.9590101243021398,-5.665192216488402,19.251578920040245
2001-01-21,25.695827189653357,-2.6697321535660192,-6.309636714214917,17.96024236645479
2001-01-22,24.740455279676272,-2.900150237274599,-5.2083345730442,18.163226238644537
2001-01-23,25.187774851070017,-3.4307984896222914,-4.604813144460866,18.15175525070477
2001-01-24,24.99552249365207,-4.752692772895667,-3.5410564244931355,17.006621103877915
2001-01-25,25.24722250223916,-2.580732852198609,-2.875033553914778,16.73969116693083
2001-01-26,24.071795178119594,-4.919596100695323,-4.428480855278635,17.000417930767803
2001-01-27,24.452585609729383,-5.035114198885196,-5.185500548433994,16.804995581108766
2001-01-28,24.62160917846347,-4.219692075460058,-5.107344603873827,18.15672173299085
2001-01-29,23.158463591414296,-4.7787148246266025,-4.83560984448938,19.06659022088379
2001-01-30,21.4426422401106,-4.150011222880363,-5.021892188991041,16.85142019082034
2001-01-31,22.16625629048386,-3.9171045420355637,-5.285354983913,17.182156593216458
2001-02-01,23.045422978654432,-2.9351507287297984,-4.464300136341852,17.759805396401315
2001-02-02,20.69312229342535,-2.11353779481135,-3.8094171076277723,18.90101734977193
2001-02-03,22.116460498602304,-1.2870119796757886,-3.7372649429542033,18.460943260037226
2001-02-04,22.945197913423605,-1.5581083099613862,-3.126910447580861,18.103090459336247
2001-02-05,23.74991909999624,0.9439296543088309,-3.2801957453241117,18.410747369970213
2001-02-06,22.662328575235193,1.250712542709542,-4.806165204677075,19.967331705065614
2001-02-07,23.849868347182227,1.9303505451971537,-5.220212832015034,21.129439464896397
2001-02-08,23.1822449781163,0.883173939391106,-5.405651026199985,22.222302097871033
2001-02-09,22.624408171570618,-0.5058418219261755,-3.683031852382501,24.07563655860443
2001-02-10,25.144883759753753,-1.155233955638656,-2.598060149479309,24.36431892322513
2001-02-11,24.854988772101066,-0.9261526554071668,-1.566296449076995,23.50318225521438
2001-02-12,25.161673683668113,-1.2016342378541085,-1.159229216786674,22.766921651734695
2001-02-13,24.220017656204412,-2.2050502437828907,-1.9190906711483873,22.94599437613509
2001-02-14,24.819720105148445,-2.633848486997312,-0.8548588397198502,23.366038009044413
2001-02-15,22.27896293744053,-3.114497324046665,0.13602863528885922,23.950608523054708
2001-02-16,21.802773627169728,-3.901173569929028,0.06046913433153597,24.125163912714516
2001-02-17,21.828762926702314,-4.944202670635021,-1.2338343303700394,26.2205818301413
2001-02-18,21.416229010075124,-6.56811687886597,-0.18395366160680626,25.830420628292288
2001-02-19,21.468168971165543,-7.459866894006401,1.1870920949907349,26.83945310373842
2001-02-20,21.03711159346726,-6.765718244934704,2.091174865541775,26.362924315259733
2001-02-21,21.45612145977004,-6.380762566057904,1.6022804190691886,24.540435222625973
2001-02-22,22.366692703255822,-5.016894753690174,2.0340855448167035,24.88715623763529
2001-02-23,23.630290084314865,-5.747156154527558,3.2861310818731853,23.367103658982145
2001-02-24,23.74650394547518,-5.760943931176513,1.606883610149275,22.015601390864628
2001-02-25,25.84096796196908,-4.993920726571496,0.2958605559341494,21.81367702556869
2001-02-26,25.28198365591871,-4.664961768352195,1.317835732346051,21.895356406085778
2001-02-27,25.58418378941879,-3.4345965472122426,1.6221563194182487,23.311407205906015
2001-02-28,27.18486720027859,-3.292417886392742,3.4098072779752036,21.909544864477045
2001-03-01,27.63361397743381,-3.4183299317954194,4.245557836387516,23.100863811724675
2001-03-02,28.89359889565061,-3.6617511869234662,3.943809102179034,23.230091584388752
2001-03-03,30.075067521699776,-3.1539711813729356,3.787543590312236,23.911959838918598
2001-03-04,29.525913427379145,-1.9543376402376098,3.9433145828864666,25.29860565293787
2001-03-05,29.583488556563744,-2.2542378208651948,3.66324368454618,24.464287475448522
2001-03-06,30.25202294363477,-0.7476569314796584,2.855953085318059,23.66308265483812
2001-03-07,31.280512557780376,1.0345063293896617,5.604433207575214,24.23393014022155
2001-03-08,31.668306173190693,0.9124517945096847,4.43213971952218,22.803689220753935
2001-03-09,29.93580394720994,1.9665864594438727,4.435749833806577,23.26279647657809
2001-03-10,30.339354965610244,2.2628846202127897,4.923216200414287,22.24065962794907
2001-03-11,29.935316940397,2.361491768441203,5.216318967276368,23.892937262414442
2001-03-12,30.40994612963019,1.1345058785562292,4.149447257471101,23.457120311078544
2001-03-13,30.519617169250335,0.8452059539522789,4.110801313431608,25.38812736530167
2001-03-14,30.490430657999415,2.0559692017419056,5.780009605601251,24.621324636760775
2001-03-15,30.41948861720005,2.2956681366955327,6.752813910689221,23.170134349898007
2001-03-16,30.871509431396053,2.6590735231190297,6.63505153056259,22.817245259903267
2001-03-17,31.358183098313155,2.162706003878974,7.083192328838904,19.83119154298047
2001-03-18,32.43652572114819,2.7089565695569866,6.154539091747478,22.167273692629543
2001-03-19,33.010402604584414,2.860704889095569,7.03939100573842,22.227569115216987
2001-03-20,34.05141790172058,4.301858697517367,6.090934204836678,22.579568759983246
2001-03-21,33.80469265498353,5.395909842414044,6.078081341431627,23.17027119144387
2001-03-22,33.49275508311745,6.346234739260374,5.482640478507584,22.518680386931727
2001-03-23,32.7636378852042,6.961423948711983,5.687139969699869,23.46235710890221
2001-03-24,32.66490703958685,5.77439163335764,6.885559415467142,24.664031855337846
2001-03-25,34.78062442596514,5.576821326873873,7.3311981582760755,23.10215674544768
2001-03-26,34.67699329966424,5.52282130340318,6.372915652575701,22.397224471665467
2001-03-27,35.046723964683665,3.8783770196921528,5.932046213398568,22.33067001675362
2001-03-28,36.42603734043009,3.255275161721051,6.1282943355151325,22.223286485860186
2001-03-29,36.68467114168381,2.227700043639966,6.597890022720883,21.070818956974257
2001-03-30,37.206579725635414,2.364866187967632,5.421840657390886,20.242962469400815
2001-03-31,38.61068827041942,4.016734620969773,6.5958034057095745,19.00756072931268
2001-04-01,38.57625737740505,4.303225495961565,6.589560064542319,19.23979939521774
2001-04-02,39.41944753596167,2.5955926849659647,5.887567247967333,19.350835029651886
2001-04-03,37.83377057025146,3.09589445589802,6.423504055575808,18.331060541599694
2001-04-04,38.54937219403708,3.4096945175142044,6.989207102187876,17.11948680016288
2001-04-05,38.86203924277005,5.5001764890336045,7.997020020091384,17.059283869206016
2001-04-06,39.687355504164195,7.120355036693209,6.772628060489999,16.85028230839814
2001-04-07,40.423241637484566,6.209384475434941,5.945995870530395,14.986647750518626
2001-04-08,41.9395473131669,4.954928149758265,7.610606240264657,15.354634994965187
2001-04-09,38.859783199860665,4.9509479096299,8.358301771556526,14.771166733415376
2001-04-10,38.60162640843255,3.793801349251165,8.83152267101309,16.24765912111136
2001-04-11,36.854611805004254,3.32085723800623,10.05191576738405,14.820701365410445
2001-04-12,35.8850971976525,3.9723418877174677,10.080920520486137,15.383988767278304
2001-04-13,34.330565991178254,2.6034490325065898,8.951875206596652,14.922730597339214
2001-04-14,34.250931882297,1.6538474102934049,11.731978669760622,14.81114428737278
2001-04-15,34.528691657157076,-0.9321441082746724,11.311938897173976,14.751909636621779
2001-04-16,32.40750828532172,-1.1598271221644425,11.507261095360903,16.09432873146052
2001-04-17,31.760013216858365,-1.610190383850283,10.37231501036988,15.443379367953224
2001-04-18,30.826062482942202,-1.4644207446356188,10.725895723831504,14.106455687977965
2001-04-19,30.73616371693044,-1.2786243796739405,11.90465176000701,13.583749733257076
2001-04-20,32.601058908678176,-1.1048977855568065,11.470770972523168,14.343251669913435
2001-04-21,32.19986328246067,-0.9886044867402944,12.158664150630274,12.88160744783239
2001-04-22,31.067971557466645,-0.7158353867008582,12.497382187100062,12.369235077368664
2001-04-23,30.51087828438541,-0.10430962454731474,12.625484615860797,11.760405387571929
2001-04-24,28.848377627791052,-0.6825437776030191,12.525026594332155,9.062286127921677
2001-04-25,28.885686535214237,-2.2547790118524076,12.498520062523585,8.917090329680125
2001-04-26,28.790108003254012,-1.834129484952958,12.567494747216466,8.792160653744755
2001-04-27,28.987397902090375,-0.046233813180050154,13.13867204793365,11.261930767602601
2001-04-28,28.956948479979598,-0.9071773134413403,11.406874259305145,12.225304043175113
2001-04-29,29.755252202347002,0.49118972094859314,12.098221014561139,10.88399308322511
2001-04-30,30.901055587681412,-0.2935687239329623,12.410443792423916,9.609976866280332
2001-05-01,31.418265927402093,0.17760921767417454,10.079293396345891,8.217363599604408
2001-05-02,30.336999375886958,0.7698198311077364,9.856192579994655,7.233474938652489
2001-05-03,31.052796987694265,0.6172096678520531,7.934461061711035,7.793244796681535
2001-05-04,31.537552463099118,0.04629895900113001,9.450899828166367,5.694033631805382
2001-05-05,31.523032840351043,1.7212751222285045,10.445986489487087,5.511187271967701
2001-05-06,31.81154577638249,1.021021114859074,11.865848490228956,6.001835981480216
2001-05-07,30.035370519678146,1.4797182076981348,14.380554838613957,7.558659918339133
2001-05-08,29.8129480277637,2.754239765045454,15.042862990572125,6.216743599620277
2001-05-09,31.12370443140316,1.76202726615982,14.57212831840229,3.879261403253542
2001-05-10,30.37571354025648,3.454707357893777,13.42562167855009,2.1850610942419024
2001-05-11,31.77018090468055,4.0375270896535325,12.609767130461254,1.2882500566371988
2001-05-12,30.452011238891966,3.470662754875866,13.492423213208994,-1.7055683708665506
2001-05-13,29.755605968753482,3.847097396610613,12.51272471893396,-2.738396408899117
2001-05-14,29.65766175940055,3.7506783239822297,14.128495796761742,-2.984991540535035
2001-05-15,28.15230324609116,4.302174517117058,13.165742420158459,-2.596506101264071
2001-05-16,27.028068329545317,4.921176073588227,13.463619222920537,-2.4951882857159196
2001-05-17,25.890538530675055,4.262688912883435,13.258901763079768,-2.4164273411198764
2001-05-18,25.23520001290954,5.398482669356745,11.769289979453767,-3.7029340568483944
2001-05-19,26.913862998610913,3.597133677584251,11.674967983746056,-4.410767513008997
2001-05-20,26.624462841384247,2.726009990109449,11.383070930171998,-3.813311277138301
2001-05-21,26.75061815745327,2.7685587425117912,10.67694269456536,-2.9190549880697456
2001-05-22,27.745822615644855,1.1840944962601443,9.812331968217265,-1.566636199473422
2001-05-23,26.82047377313661,0.9408984421877828,9.779307115114584,-1.016938751049205
2001-05-24,25.43811742181625,0.9081469951136548,10.17337607185509,-0.11701656875498945
2001-05-25,25.659418021387538,2.0494296224611532,9.878069798189095,-0.016518079524947923
2001-05-26,26.729246747123064,1.4137697517599752,10.720254047291597,0.4434557185570273
2001-05-27,27.201811784206253,0.7655676456202513,10.695756180876625,0.7800764876102915
2001-05-28,27.608442867385165,1.7944372126686727,10.927318186638846,0.7247467539789199
2001-05-29,26.440608451133322,3.2845191303469483,11.059096905701175,0.25900571133903116
2001-05-30,27.302003227430426,2.667320245808374,12.070983870158562,-0.4530238201329959
2001-05-31,26.721752996008004,2.5862557590774014,12.43923449132092,-0.3965999573217242
2001-06-01,24.674788363270935,2.301509722687306,14.33013668915965,-0.48109607772539364
2001-06-02,25.23050215279537,2.4408945559602446,14.944187054848127,0.41963369792365346
2001-06-03,25.194511592423336,2.6069705104728005,14.672640797317161,0.6495941685019613
2001-06-04,25.213972950408426,3.466208392983473,14.923223690022427,-0.5812329755739278
2001-06-05,25.973135296919114,2.2679307821106303,14.894986579166025,-0.5200604413281277
2001-06-06,25.479815885525525,2.0707323213688587,15.33783307430715,1.1742641566013718
2001-06-07,24.283355213115897,2.6114367730184327,16.13599936786956,0.8849223761168636
2001-06-08,24.24753922499443,0.828368365084575,16.927806614874374,2.327450188730293
2001-06-09,24.70386412150813,-0.4535874507500972,19.01992513163716,3.191466129363084
2001-06-10,24.55555227510541,-0.8442555394252711,17.788234429136853,3.8801915477417124
2001-06-11,24.5344174920196,0.13132120844017603,19.063804241475975,3.6614367397293743
2001-06-12,24.222333593587503,-0.7399107020133802,20.094542614362197,5.391260301149889
2001-06-13,22.943676540611047,-0.49795093221030584,19.341571563659098,5.452656924313918
2001-06-14,22.062654526964515,-0.3108580698019985,21.691252620829193,5.356285162087859
2001-06-15,22.37863153678629,-1.48418699540573,22.356000099359846,7.840657813774799
2001-06-16,22.47519202059907,-2.1616090471039073,21.2655432955402,7.948292283447666
2001-06-17,22.07084046848347,-1.544920291739861,22.914222998311878,7.052391221044231
2001-06-18,23.5079368331419,-2.152118783011102,22.369601306139167,7.3490203454696506
2001-06-19,23.614577684906426,-1.6117523489476469,22.4589705479683,7.217876494434787
2001-06-20,23.371310970940975,-4.6520656513835075,22.37883090332208,7.199037595175367
2001-06-21,22.66910440126391,-5.75661736221847,25.241500668300965,7.471320764713532
2001-06-22,22.07865361254293,-4.316505204733137,26.636049699398498,5.7383105478604985
2001-06-23,23.329380053798065,-5.323000614352188,26.67656040292353,4.862875824248658
2001-06-24,23.550542269982458,-6.417990696811411,27.06023531942161,6.364810075832654
2001-06-25,22.695338687481243,-5.774350512859119,26.313650308419742,6.833323971102385
2001-06-26,22.205582798234154,-2.77676888343945,27.007708723197222,7.767597832202883
2001-06-27,21.02756787522129,-2.858245214097324,28.709230486364152,7.055610676069774
2001-06-28,22.315164349907104,-1.438829918223267,28.023204020884357,6.127675753031911
2001-06-29,21.67527522189477,-2.0806725355097573,28.804531453516276,6.53299674918981
2001-06-30,20.648534666601044,-1.9313700432959702,27.34031781476505,6.521852743917585
2001-07-01,18.974833327687204,-1.5590188603523805,26.94133806283765,6.578483071763832
2001-07-02,18.416383405836214,-2.008910307152605,27.701627714937207,6.386932293608983
2001-07-03,19.029547803068596,-2.412599802550857,26.86799540838521,7.959794833126997
2001-07-04,19.023446002361123,-1.9741642095996066,27.72284291393845,10.57713745568466
2001-07-05,21.04391030934044,-2.8532441899670955,27.47900640701144,9.85001364167597
2001-07-06,19.703214602634667,-3.9559068644542004,26.956868096365625,9.419238247321646
2001-07-07,18.191095019178324,-1.2788752103620378,27.30791460198612,9.588585869211505
2001-07-08,16.866425690300296,-1.2696627578984552,26.618427328870535,9.7118515399599
2001-07-09,17.0694406185829,-1.313953470160788,27.354930706687682,8.121500767351028
2001-07-10,16.797559591597253,-2.471887309009257,26.929898598677187,7.316632011444509
2001-07-11,16.599563895434144,-2.077204063072857,27.620061391010445,7.365077878053838
2001-07-12,16.710622695511447,-1.0639122962767542,27.59590302390982,6.927759978123218
2001-07-13,17.743064381223633,-1.0590567363067251,27.645384875854255,5.963676734123836
2001-07-14,17.762891490743797,-0.3219059872948793,27.189765482421908,6.724356551280783
2001-07-15,18.36637149494182,0.011971327046249425,27.00917452752312,8.214153835241875
2001-07-16,17.509990719554335,-1.0508681313553823,28.43043930001546,7.835395588940404
2001-07-17,15.207491896314647,-0.5232391623894805,27.78571486469084,8.963422679282587
2001-07-18,15.258284239700792,0.29741856712995696,27.946902034770343,9.368527298411196
2001-07-19,15.502431160545385,0.6687159412188564,28.535818227876774,8.854620391210062
2001-07-20,15.657916343408647,-1.3681721716890727,28.89502208315793,6.621750177757694
2001-07-21,14.751934757403436,-2.7609474450695135,31.111472755609643,6.3226505015932934
2001-07-22,15.19046774203333,-3.2509056949484165,32.59956750929494,3.130217478614878
2001-07-23,15.192132185057051,-2.424823763256775,31.541323072499402,2.4548446344989054
2001-07-24,14.96700993832813,-4.562645613687671,32.72505235409301,2.2026352084101792
2001-07-25,16.183702672748563,-4.712125729858304,32.56452380250195,1.426771381520614
2001-07-26,14.477662946383504,-4.774454742278763,32.765798654096855,-0.3818487552177594
2001-07-27,13.718002480919662,-2.657859654791379,34.43462198292411,-0.5437386204413849
2001-07-28,16.267880401885844,-2.2855378740132704,34.02059982184502,0.40821710003288625
2001-07-29,16.573705377409603,-3.5752751084767267,34.44512571094115,-0.486550577362201
2001-07-30,17.202811891762707,-5.162705618687856,34.62609114758454,0.041671857259025
2001-07-31,15.9288222142938,-4.2769780421967525,35.07037377154511,1.025845929552896
2001-08-01,16.459268142891865,-3.42697803874203,36.07837099904609,1.3327825435430756
2001-08-02,15.272153038734285,-2.653556245124305,35.23174954346622,1.3372158888452248
2001-08-03,15.61944133746222,-2.833547112340176,36.279502273951515,1.6002617590108883
2001-08-04,14.404855876676471,-2.431549148208654,36.15394650011957,1.258005561056877
2001-08-05,14.104311751177688,-1.2571101361029542,36.989970100992295,-0.5355356971735246
2001-08-06,15.186382369029118,-0.9160302465129511,36.05567528204708,-0.9431654070419317
2001-08-07,14.670885852362906,-2.310884204804317,35.73150639534279,-1.6099696641938586
2001-08-08,17.32623937208676,-3.258560739206028,36.12713187537724,-0.8624851734579924
2001-08-09,16.22857912013237,-3.7252379230919805,36.76769564352759,-0.7142351745511697
2001-08-10,15.946488937714964,-4.119044063424784,37.123227517360284,-0.3390880350976565
2001-08-11,15.99981519234141,-3.176514896295909,35.23137545013615,-0.08873887712397005
2001-08-12,15.971465394274288,-2.8498872087559644,35.01251018496926,-0.37059532412866286
2001-08-13,14.446247505396613,-4.826434649651133,36.27900333740209,0.30594217910221005
2001-08-14,14.58994820515865,-5.488734040064008,36.10156359888982,0.9950858800016185
2001-08-15,14.909005093070338,-5.059757652668837,36.46811604539941,0.3801255766541347
2001-08-16,14.70674659865264,-3.623968982183065,38.30898343656122,0.11922099539362513
2001-08-17,15.374676561275571,-2.687281655668695,39.28050871147293,1.6449038661071937
2001-08-18,15.268824295068184,-2.4554020864482484,39.16546635444853,0.19777156075093116
2001-08-19,16.097396803172103,-2.6196621288615884,40.99653093528677,-1.2478422385567969
2001-08-20,14.929245255429581,-2.2166750390549783,42.717394849132475,-2.0525308548251338
2001-08-21,16.53057471260085,-3.2665603322983685,44.26410621452216,-2.825572033934144
2001-08-22,16.618359789721865,-3.6930665173960326,44.60087138035097,-3.07730785381512
2001-08-23,17.02719405354509,-4.449238787664819,45.37023827905313,-3.044601535314831
2001-08-24,18.830203193488742,-4.345467043453035,44.26791179291965,-2.4458839110646444
2001-08-25,17.939263095268007,-2.4461631741316117,43.71207140290683,-2.83581595821225
2001-08-26,17.132950376590877,-1.7665623707806493,47.12242424682498,-5.772459410052782
2001-08-27,17.87564686057611,-2.604079500663013,46.670851929593255,-5.614967232537892
2001-08-28,19.54579960113964,-1.4273108166235646,48.11264436682482,-5.977355163200172
2001-08-29,17.217286051969246,-2.4702893081835873,46.95940885713347,-5.164443397608304
2001-08-30,14.457324364412688,-2.5260116036256295,47.41458810451353,-6.487029353210641
2001-08-31,15.387984056655634,-2.189823737787891,47.136473685657414,-5.8818476025942505
2001-09-01,14.555107192534122,-3.0280776099838325,48.337654649071695,-5.915052513984895
2001-09-02,15.723707188440239,-2.7696326484775797,47.41416543812084,-4.732703779083343
2001-09-03,16.19531311875026,-2.9136558732558306,46.99899018688254,-6.134791604578403
2001-09-04,16.331248162465798,-3.8836815291167683,46.03625891737329,-6.3187139695719985
2001-09-05,16.45042174327296,-4.0995685869341445,43.71892429076405,-7.7126812415529225
2001-09-06,16.521387063155412,-4.484201028276308,42.582141987683684,-8.486514972653158
2001-09-07,16.705556831282816,-3.6431438998652523,43.40156928449832,-9.665525238424209
2001-09-08,16.3846006573651,-3.872668937992001,41.36400054160995,-10.038292926825637
2001-09-09,15.546659787282644,-4.467398369736612,41.19676917378754,-9.671242566579394
2001-09-10,16.392922672495303,-4.170005354784637,41.596246792640855,-9.607493162409028
2001-09-11,16.775720280253722,-5.160884389925188,41.67756873170399,-7.5942844110677346
2001-09-12,16.314983186860715,-5.187805983071899,41.16698235866154,-7.729307376658649
2001-09-13,14.960992618151774,-5.464255832188641,41.26594505638836,-8.903430126456877
2001-09-14,14.66592091341986,-4.181659672359192,40.676432208960215,-8.528258315435885
2001-09-15,14.25781664635927,-5.501934154217685,40.980618084688786,-8.716786354769006
2001-09-16,14.256429859187906,-4.5030971729735745,40.42201795168947,-8.26484744268994
2001-09-17,14.898951209886883,-5.610957743712665,40.78728611554725,-9.99893466070673
2001-09-18,15.765793652704938,-5.593001731777838,39.89712868454614,-10.929838430475431
2001-09-19,13.996296206428847,-5.304523585585158,38.458204916002394,-8.867638440370754
2001-09-20,14.366113952578992,-6.371121388574642,38.168117447983796,-10.073182755083659
2001-09-21,14.656053734426765,-6.855900288397237,38.79146882594405,-12.180783738547685
2001-09-22,15.814346740057314,-6.09957855217071,38.610749792990866,-12.826191877362865
2001-09-23,15.757419770865189,-5.0837500846517445,39.79360628932841,-13.267812431362152
2001-09-24,16.500559685883506,-6.34533015582817,38.582087124089995,-13.32924018753294
2001-09-25,18.209443644394796,-6.040034201623918,38.38475134922755,-13.703426884135029
2001-09-26,17.654261119247348,-7.344881009036493,37.2572596026949,-16.124479621179322
2001-09-27,16.63879472690839,-5.843361439885579,37.45623709574748,-17.068048241200152
2001-09-28,16.50101612051665,-4.014293980884201,38.584282565299254,-16.419938765954907
2001-09-29,16.156051546324367,-4.23308843128572,40.715216618984684,-18.257675641306662
2001-09-30,16.96348573421627,-3.0417797490148795,41.3416451984558,-18.33938189117687
2001-10-01,16.117471041062878,-4.092534384282367,41.80593709212828,-16.858493972079295
2001-10-02,17.61800255986827,-4.147654839186172,39.58500059339295,-14.580393750253023
2001-10-03,17.519043316761742,-4.23704377535366,39.49864851859947,-15.588973676366168
2001-10-04,15.584571028483179,-3.9837425994179627,40.43423453205909,-15.844387420083113
2001-10-05,16.055024754485043,-6.346729392070558,40.23971286688424,-16.726960912050643
2001-10-06,15.163162432953289,-5.77351947538728,39.77171504922314,-16.535102297083416
2001-10-07,14.926825867493347,-2.443629344746597,39.08396184045919,-16.932369872252725
2001-10-08,15.025859118122037,-1.753133096770032,38.738636901267576,-15.259874330528046
2001-10-09,14.614717924040772,-1.7683928345525601,38.935284920019996,-14.991388197029053
2001-10-10,14.423635118770195,-0.586165606375765,39.49430062990173,-15.204227135107942
2001-10-11,12.529066549835235,-1.0819786570092622,38.693661708959226,-14.121772680143398
2001-10-12,12.103403893545634,-2.0417389649263775,38.43936807372474,-11.99858696073016
2001-10-13,10.42167567801625,-2.402612915823953,39.040467776725976,-12.231989456984705
2001-10-14,8.886820476173934,-1.341077586272905,37.70171577226323,-9.14580255010988
2001-10-15,7.817951862156994,-2.34807684010356,38.80682692806768,-9.014969571061103
2001-10-16,9.580304086710454,-2.719290237225659,37.33702343653403,-9.507519550083646
2001-10-17,9.940927638926997,-4.224642506629758,36.09556279701974,-10.655434620991207
2001-10-18,8.548264060741188,-3.6040226438428182,37.6690305607346,-9.315142164291553
2001-10-19,10.134000954364383,-4.948865465949793,36.46865817895477,-8.796960388717046
2001-10-20,11.406587060494978,-5.023631061681805,34.379539413144784,-8.733028324888316
2001-10-21,10.70259104104568,-6.684495003656776,35.452445476656536,-8.889818534111098
2001-10-22,9.68701053196896,-5.850538166096607,36.22439884929613,-8.024272088685146
2001-10-23,10.754255688902983,-5.208489423551284,35.310764390853684,-7.1366876989973775
2001-10-24,11.087918736508591,-4.5411516225583926,35.777603147435045,-7.920636353936857
2001-10-25,12.358864599974654,-4.309902402865796,36.84452123752136,-7.275478011103533
2001-10-26,11.198959632969013,-3.6228106704797276,37.76367599068086,-6.288882804576877
2001-10-27,9.786884133338072,-2.9562168367762096,37.16670208800021,-5.476507550431181
2001-10-28,8.296672182287747,-0.7289551107859493,36.652471913575766,-4.997956778144248
2001-10-29,8.179055631501667,-1.3121827306778326,37.761121235996,-5.058198910897424
2001-10-30,9.294968816383637,-2.5004645094711737,40.314345093426326,-4.955952183985744
2001-10-31,8.499302601533786,-2.003983601946911,40.45045086246596,-5.176072735463935
2001-11-01,9.018269090208824,-0.5722074737282805,39.30993144725114,-3.295826214182847
2001-11-02,8.29567237044012,-1.4126009004812046,39.27614173961811,-3.3269278167458687
2001-11-03,7.758638243282436,-0.41572542237866883,38.74162179263924,-3.755493958982232
2001-11-04,8.361763199970447,1.0178778528114258,37.917424577834815,-3.7021008416903394
2001-11-05,8.072027977992807,1.9963950895290097,37.49064064015188,-2.564225201546626
2001-11-06,7.64866561252842,2.7320213366516106,38.67001832104986,-0.9578008332861387
2001-11-07,7.256823831873419,3.6842620960065697,39.54696209392677,-0.46117389113111895
2001-11-08,7.2440795366807835,3.568653801180122,39.92201055877515,-0.47046110245815165
2001-11-09,6.0587308320136755,1.9911651584371433,38.445043875277825,-2.32436388380206
2001-11-10,5.704280200357623,1.8448539177546537,40.01510104673292,-2.9084402654223784
2001-11-11,4.589784226292517,1.9072066211101042,40.328803747237984,-3.454555674276006
2001-11-12,3.710322773512709,1.5825355706543314,41.27737229982233,-4.759899304367728
2001-11-13,2.642528269044214,0.6149121159408146,42.35828928100803,-5.46815526390867
2001-11-14,1.361122813788484,-0.2293839753862058,42.41904980774805,-5.975599929919829
2001-11-15,1.3981805776142542,-0.7303151754380198,42.25790062267314,-5.6032657538232655
2001-11-16,1.3773018311701937,-0.8974614015425404,42.58947115288274,-6.972603541174744
2001-11-17,1.5469667037245833,-2.012914155761746,41.99021303394008,-6.594218198888619
2001-11-18,1.7797102961167077,-2.2769460576208207,41.2258983534369,-7.482287860254912
2001-11-19,2.04943831985441,-2.0152356931476207,41.251102818180335,-6.660114227843153
2001-11-20,3.1940343856773605,-2.729767734321293,41.23956332088163,-6.487581077790628
2001-11-21,1.672943024828272,-2.780898136299296,41.340519788147624,-6.993255688901631
2001-11-22,3.3982977989053924,-2.544996913590453,42.1615449463525,-7.739900546800221
2001-11-23,2.502739951327931,-2.149148751154761,43.99530724337309,-6.194569143709002
2001-11-24,1.3279630029515987,-3.5849949961224636,43.63105633923186,-5.680300369139345
2001-11-25,-0.4079014094347517,-3.2100692990534743,43.3389027831698,-5.688816944195242
2001-11-26,-0.8832690798988545,-3.177500784378048,44.39126807968291,-6.170831831184171
2001-11-27,-1.3753778969582013,-2.985691920403548,43.879302413866334,-5.83697415856966
2001-11-28,-1.0098123036749664,-1.0015887478698635,43.92406641937587,-4.147783440817328
2001-11-29,-1.3740937632684462,0.3877227158373018,42.58520251252107,-4.541698961901328
2001-11-30,0.03394054508431399,1.2624678237277707,41.99061121249535,-3.7675942340658155
2001-12-01,-0.6077108209104987,2.366755683157219,43.53057900449897,-1.8104094152430512
2001-12-02,-0.207733176048304,1.6640810553687397,44.400459184978814,-1.2525865741138436
2001-12-03,0.6318026683178506,0.7115886512434039,45.40570328187415,0.4769179817930951
2001-12-04,0.79657463822507,3.1371675616780057,45.261309034018424,0.36150571147253713
2001-12-05,0.006493947934647859,3.487704264812945,45.76782757239116,-0.7033844912676983
2001-12-06,-1.4369980293338496,4.3354731843991186,45.55414149009685,-1.327251881604485
2001-12-07,-1.2808967200318242,4.421904861184366,44.65964189671037,-1.7629700018764316
2001-12-08,-1.6390069545988917,4.062921509596233,45.4042251588272,-1.7642916511712625
2001-12-09,-1.3429163501955252,3.0785731860132213,45.507710836138315,-2.10970352256744
2001-12-10,-0.13086383508859734,1.7459210368596956,45.49488450983439,-1.7614181251419132
2001-12-11,0.4419240417998933,1.2608216594695434,43.914854420012496,-1.1735878043660644
2001-12-12,0.9821198423142427,0.43569963645503484,45.37763756343797,-1.938291530210431
2001-12-13,0.4519845275694596,-0.7076033910502691,47.064741052782054,-3.5670962718953225
2001-12-14,0.45165988107221317,0.27070332938418773,48.62831221561569,-3.1224993290514673
2001-12-15,0.35323699946766096,2.485466586637482,48.22281633124549,-3.072592048572523
2001-12-16,-0.4281620802292695,1.8141991914460134,46.69862151689392,-3.335008411578707
2001-12-17,1.3165526818650903,3.751843655587347,46.34613741805298,-3.4026734963802103
2001-12-18,1.8136674032964266,5.250371795122744,45.833682835312494,-3.4008844557128377
2001-12-19,1.4383208291895628,7.281006598223497,46.696137155062566,-2.7050447760992387
2001-12-20,0.21201223913339873,7.9552276133743645,46.38672787878504,-3.436375488488356
2001-12-21,1.0683943432262273,8.973931785397095,45.573280514381565,-1.5326775548989395
2001-12-22,0.718319755905199,9.338403917696274,45.2562239107822,-2.078269579134974
2001-12-23,2.9801731479736415,9.517637844131007,46.20091505719225,-1.1502967610702486
2001-12-24,3.183005797446398,7.834746208491005,46.47722535626093,-1.3671142903449571
2001-12-25,2.40133716281567,6.003773212525002,46.67058935229182,-2.2241433238996606
2001-12-26,2.523303893254216,5.680842621930173,46.21734732525811,-1.5035412990506924
2001-12-27,2.1251914577204025,4.9878634064701615,44.73905172567977,-1.9946249455107394
2001-12-28,1.6413933739392852,3.876590297384288,45.78140658315423,-4.715611932083889
2001-12-29,0.14287721377021367,2.3287793874436304,46.039549868467454,-5.8111811404720335
2001-12-30,0.22233573284941527,3.77804087389453,47.76338804342128,-5.467280729642875
2001-12-31,-1.4025025579969814,4.566049825582138,46.92640257661095,-4.3404572989585235
2002-01-01,-2.16377673251383,4.6650063829682376,45.65819649870092,-4.483624372231854
2002-01-02,-3.7778433319504194,3.6922947381982634,43.97234374022632,-6.097932476536844
2002-01-03,-3.357419878454575,3.4648280956559505,44.97795111882362,-8.24869899493248
2002-01-04,-4.311160331335535,3.7627190243173083,45.58897861536179,-9.30554968975927
2002-01-05,-3.272518648078832,4.736221223304313,44.840516496312055,-10.924698114880863
2002-01-06,-5.570372691785398,5.050319848150044,46.35135812376115,-9.595743007040742
2002-01-07,-4.399895478488346,5.3821405540241205,45.96919638732149,-9.667675067640626
2002-01-08,-4.575929427214482,7.492964623001125,47.60635465291079,-9.27591452269501
2002-01-09,-4.074273308899938,6.640932530646491,47.62292200088998,-8.28680279655855
2002-01-10,-3.6456384897444383,6.902689695408521,47.62941066982194,-7.648707702985691
2002-01-11,-3.1923405221441565,6.988109622754531,46.80684207245957,-7.296902443481742
2002-01-12,-3.071702861384188,5.185191844456083,47.821758197082886,-6.6687674816014875
2002-01-13,-3.1588540153334983,3.7157758158431937,48.25169067584818,-5.677859927128768
2002-01-14,-2.149363357916811,1.4588396245098654,47.31555722119059,-4.573373883062107
2002-01-15,-2.437773905144122,1.875019344051546,47.91000523545813,-3.9058741422369776
2002-01-16,-1.7507056876389315,4.436437625416325,48.830326938787685,-3.5545381903287505
2002-01-17,-2.29988489978822,4.10438742724727,48.518920167294,-4.468405819140802
2002-01-18,-4.328759988891753,4.3368726490721,49.91853351796223,-3.944873305257488
2002-01-19,-3.4020788650343436,4.34755743256798,47.50391500941409,-3.0471229625364664
2002-01-20,-3.7587888132058698,4.686173799433551,47.785237586539964,-3.5669733401810912
2002-01-21,-3.417817981203211,4.427032733051569,47.62823962581524,-1.8960293501065564
2002-01-22,-3.1389931913065263,4.274177613275431,47.41773221268011,-0.899140484465513
2002-01-23,-3.2722469171297943,2.2674934787339356,48.38570249016551,0.4438882756072732
2002-01-24,-3.781340600640324,1.1604180758662532,48.54011522454187,0.2733516936413005
2002-01-25,-4.103128575066012,0.5557321810553293,49.26970206391937,0.6147970032538403
2002-01-26,-4.308628045516101,0.5546416562539657,49.95942778390157,-0.11787597912349612
2002-01-27,-5.051330019144702,0.43376522462216505,47.98199056152268,0.8460314243042604
2002-01-28,-5.0473954400389385,0.14814217399881757,49.90921233989877,1.1495529558776183
2002-01-29,-4.533847261331373,-0.9999451257444925,50.21438772688808,0.7935264243457905
2002-01-30,-3.760379952758308,-1.5570237766471284,50.250543471202555,-0.7429245704594603
2002-01-31,-5.888115914285875,-1.249676310442251,49.529189194057416,-1.208616365008568
2002-02-01,-5.71619422155258,0.9648091026963939,47.94936240402266,-0.5031506948911559
2002-02-02,-6.643351941481186,1.426489150651146,48.82108031675225,-1.6716663442365431
2002-02-03,-6.499657538141498,0.6078346494614133,48.73193291031176,-0.904294034620363
2002-02-04,-7.3155501522849,1.0432034716944887,48.00086238700036,-0.97357847656293
2002-02-05,-8.238379168962837,1.1299389375221323,47.75679427972925,-0.21529265211331028
2002-02-06,-7.362389226377735,-0.9445049120212559,47.64535061136461,-0.49210001225099503
2002-02-07,-6.808408466988047,-0.4025864833086319,47.250430580243396,-1.9627329871572383
2002-02-08,-7.122426098803392,-1.9438753048380095,47.59595752649463,-3.2234589109898
2002-02-09,-7.10518141783961,-1.4500655521743178,46.490282715226535,-3.977095283651331
2002-02-10,-4.620817992702188,-0.4725130105451586,44.528678657614876,-2.8416906877271115
2002-02-11,-4.933327008584945,0.3701272440949155,43.7163616545502,-2.553781801087501
2002-02-12,-4.937063900411152,1.72198607765497,44.36687556310878,-4.154629983965154
2002-02-13,-4.258254236954182,0.05387731438275156,42.96344487309139,-4.734997691968688
2002-02-14,-4.149406896727303,0.1500498786165676,41.899501804485126,-5.991342125125073
2002-02-15,-4.03255914898859,-0.4983343270700221,42.770295356313426,-6.778544796902582
2002-02-16,-5.047542037561894,2.4695998728687156,42.09012267757405,-7.666895373421711
2002-02-17,-5.323371679057391,1.7902749637352904,41.458384398913246,-6.387213997207292
2002-02-18,-5.374110511904245,2.4118514714264654,40.18326873249492,-7.838678180217136
2002-02-19,-6.390808964409045,2.63159577495244,40.05710831541818,-7.703559222961074
2002-02-20,-8.510855551719185,4.294704882786638,40.6088436078791,-7.827543142671082
2002-02-21,-8.831439074897503,4.845325546867686,39.7886717374897,-6.677488034755626
2002-02-22,-10.496486198073608,3.857042595622006,40.3358957774743,-6.626410546893979
2002-02-23,-9.097409781723204,3.4617152277100756,41.16410427537397,-6.891885100420776
2002-02-24,-9.029557036896078,1.301195228867574,40.8064773098229,-6.584458484261518
2002-02-25,-9.374005742067157,0.893970991476942,41.20472249262838,-5.90829986422023
2002-02-26,-9.45837978099301,0.5299924275096006,40.59160163184811,-6.240794433724145
2002-02-27,-9.049644514862704,-0.8111050159126998,40.67373023036459,-5.609824037838794
2002-02-28,-7.8128926605258595,1.1261577957292204,40.44200863141861,-5.019881273909459
2002-03-01,-8.919290788997312,1.3994338530583785,40.015191364234624,-6.475654691862255
2002-03-02,-9.158790127055687,-0.35641536933218143,39.26155089674051,-6.641930179823456
2002-03-03,-9.980547520901519,-0.7536539815018595,40.6680865974443,-5.279402532950688
2002-03-04,-9.541543821379943,-1.2899767244348335,40.58089897865093,-5.724932527027846
2002-03-05,-7.613255748259587,0.1736615472847025,40.98665438702371,-7.3005853237045955
2002-03-06,-5.347563381247559,0.19209095957999006,40.70451045261357,-7.3218540890408095
2002-03-07,-6.1664931629467485,-1.6466640619365736,39.53176167761682,-6.664333640988253
2002-03-08,-5.631733672311391,-2.8104503188993673,38.85503775987813,-7.63592045983785
2002-03-09,-4.779823152308588,-0.9253804313943643,39.40634078593025,-6.890267541806559
2002-03-10,-2.6326500285124377,-2.1605676982092725,40.377399861808144,-6.059962846702679
2002-03-11,-1.5009057583323246,-2.537188980145069,40.116020551118524,-4.721731749266628
2002-03-12,-1.3070847310863856,-2.271470150006898,39.97175054326794,-3.384533327503957
2002-03-13,-1.3568592674815947,-1.9257690917521306,41.90169334868235,-4.872073141513724
2002-03-14,-2.063919858955052,-0.002569728231059054,40.926024568608995,-5.453254759894532
2002-03-15,-2.3559812011949677,-0.9208625693049199,39.9899547471273,-5.658842443042605
2002-03-16,-1.8385956893806092,0.5163144389530394,40.38365333435143,-6.515614317273317
2002-03-17,-1.5885447455754285,0.9856088078690437,40.13399865603274,-5.390382657595468
2002-03-18,-3.2440748140704905,1.0855410140704658,41.86962388140276,-5.089463129790607
2002-03-19,-3.238013178729765,0.956526289836946,42.19065867867959,-4.848602855701829
2002-03-20,-4.366946669606771,2.3903760690318068,41.5294408950848,-5.443701006715171
2002-03-21,-4.533906297998544,2.9048077080849817,41.14124615985005,-5.811271179603785
2002-03-22,-6.427966121650645,4.020512007432295,41.144889669271215,-4.832377928666601
2002-03-23,-6.804423324697309,4.390654951583467,41.17415510957893,-2.532924514947749
2002-03-24,-7.682116324986345,5.277125986665654,43.678255946572776,-1.9397751818635076
2002-03-25,-6.621807445013235,5.190679468267274,42.59123501984576,-0.2624023021832649
2002-03-26,-7.2548394091186985,4.235686516178285,43.35018638276761,-1.2878241994906898
2002-03-27,-7.037078652114405,4.324532371882992,44.01245823200275,-0.050423518300774406
2002-03-28,-9.357321465011792,3.0410130790825587,44.276572200722136,-0.32269625614362313
2002-03-29,-10.287671016293823,3.582560789063505,44.58887556805001,-1.0252897368561331
2002-03-30,-8.448116053189565,2.5819294531517167,44.449960849597545,-2.3137572538094475
2002-03-31,-7.929391708517892,0.7778010909943329,43.45852122325341,-2.1646040579434227
2002-04-01,-7.552284988725623,0.44519746799654075,43.194084528506494,-3.9572959119603572
2002-04-02,-7.720984935237249,-0.07041144074419542,43.501720719267105,-5.226194014222381
2002-04-03,-8.387580585273568,0.28785422802365335,43.40430007353482,-3.644593194894796
2002-04-04,-8.953483552180302,-0.43994259925151913,44.05038637783062,-4.3315367898182195
2002-04-05,-8.879761396253341,0.3878778279165285,43.736512057921544,-5.890657449619887
2002-04-06,-9.494935134473955,-1.5028545232522594,42.9454454552713,-5.979878585215622
2002-04-07,-8.718143875408291,0.2806979186371059,43.15376092789123,-6.726936910086648
2002-04-08,-8.011405067498705,-0.6047365770465336,41.73055817968272,-6.57670887041767
2002-04-09,-9.313279462404745,0.5969231824678434,40.3545963318984,-5.471274632323103
2002-04-10,-10.173786458010067,-0.10816752782302785,40.56137800013677,-3.357296695121459
2002-04-11,-10.168631201185065,-1.5619758133468975,41.150144228366514,-3.498328571061533
2002-04-12,-9.307187307091839,-1.1547955079762575,41.98165278566655,-4.205190426457355
2002-04-13,-10.24457112756151,-1.1761026891862223,42.4807780889918,-4.880140156064713
2002-04-14,-10.84830003849497,-0.6813615207303507,43.50073170953415,-5.048375838219218
2002-04-15,-11.093007741528503,0.05420915348209332,42.82053789431911,-4.958092527647681
2002-04-16,-11.312066018415692,1.3930892594866506,41.65235733542757,-3.6763972000930045
2002-04-17,-12.48240760736113,1.9239141168387017,40.04734747512568,-2.012576374437576
2002-04-18,-11.42918269909279,1.0854935937720342,37.72868497749783,-1.8869175545481967
2002-04-19,-13.405096611024339,1.2461522687465707,38.77247424948511,-2.0638159387582844
2002-04-20,-14.569922266489781,2.0004429447286762,38.50085508123099,-2.837077375195684
2002-04-21,-14.157876351512556,3.464439769635611,38.99518738466813,-3.7172288988581075
2002-04-22,-14.18824385680602,2.368307283053647,38.10773162494957,-3.822353174962482
2002-04-23,-15.529595754120711,2.8305563734296815,39.12483219461585,-4.503779444017211
2002-04-24,-13.83435772920791,2.9607650482917958,41.539310205112514,-3.863854362561183
2002-04-25,-12.10290808843105,4.122466753201383,38.97831682823024,-5.4843630794287
2002-04-26,-12.966226945604424,3.6700108553863515,39.5229707593303,-6.93321152967391
2002-04-27,-11.704397362327397,2.7470085166371168,36.571861276249166,-6.05585293708523
2002-04-28,-12.173515309932567,1.646355009613843,36.26761121575636,-5.466147989712448
2002-04-29,-13.215853840147174,0.779229204944918,36.641224731519756,-4.444729635329131
2002-04-30,-13.284982774323987,0.6147692412265394,35.41069567798156,-4.075141712587937
2002-05-01,-14.975398245191808,0.547105382067201,35.04240167490553,-4.23431966882327
2002-05-02,-16.16796461287781,0.6003374570361237,34.12955952817438,-5.4364579809176306
2002-05-03,-15.62529732819152,-0.48367768033053005,35.76479974469202,-4.5451571474079815
2002-05-04,-16.06298802200805,-0.8710817737984256,37.059565157313166,-6.216815708263343
2002-05-05,-15.031712420741878,-0.6785450502359139,36.42088067034535,-5.27038332997952
2002-05-06,-13.873494285444739,0.13733095355169345,36.48230840583911,-5.404644871158321
2002-05-07,-13.4461644849689,0.8848934968379776,37.5636031359513,-5.919822171224766
2002-05-08,-13.002252828151732,0.7572712104928587,38.230156034928996,-5.061547306273776
2002-05-09,-13.192906134314772,2.2132915613685293,40.53004564416853,-6.47862281749862
2002-05-10,-11.307520836083164,1.2833123211038884,40.48736378183242,-5.291486238677164
2002-05-11,-11.1716906878703,1.645178808013804,41.79939398035008,-2.4848938475707283
2002-05-12,-11.280396738197991,2.300541791702655,41.53403328812461,-0.701253320089922
2002-05-13,-9.921454746775591,2.1449221298705976,42.43656785416614,-1.3725863691023978
2002-05-14,-8.61167818246641,1.6718475497805068,42.561250201398124,-0.794417392324617
2002-05-15,-8.51139530799965,-0.0347748650930122,42.98520621729989,-0.16602705717226707
2002-05-16,-9.07767118143286,1.695580051722048,42.078156577169544,-0.5383468297150611
2002-05-17,-9.143640704035501,-0.5888227802086394,43.297802178155344,0.6592165061266717
2002-05-18,-9.84496252545433,-1.6734473355320127,43.541221899872184,1.1083127926774363
2002-05-19,-9.538152028225882,-0.26396770944720394,42.56052168649041,0.890041018384256
2002-05-20,-9.432999038457886,-0.054281224586563204,44.059166000095686,1.0170217566419466
2002-05-21,-8.36570844964162,0.033147138251090905,44.341770813649134,-0.30374316487550934
2002-05-22,-7.694852712255577,0.9274109400401134,43.91936908265527,-0.22144655135359606
2002-05-23,-7.398045921877256,0.9212517978971565,44.347749440696425,-0.329826113312331
2002-05-24,-7.784140481918355,1.1839722228913767,44.389444410451105,1.2071942278486933
2002-05-25,-8.846023199656006,0.44985666367263366,45.19547145648789,2.00064572421217
2002-05-26,-7.86840087935642,1.0835479014445635,43.20090499703701,3.3670584813261675
2002-05-27,-9.32016253010611,1.5437403846675761,43.184795074815554,1.4229592636934536
2002-05-28,-10.219151788322211,1.5332819676535765,43.42675869278147,2.7249548055197654
2002-05-29,-10.091029306770327,1.0544478663539996,42.73582540051368,3.3379028202443695
2002-05-30,-10.420101393761755,-0.9340576035572945,42.30923835244342,1.8565821418822945
2002-05-31,-11.353935788402191,-1.405538140626272,40.4536235752921,1.5847839281455574
2002-06-01,-12.082626734273019,-1.780325123741457,40.62843757624577,1.8554521976257297
2002-06-02,-9.676017439735997,-1.7973463895815884,40.76377723539818,0.7571351921995912
2002-06-03,-9.51316473837246,-1.404307273856792,40.43797594445214,-0.20280878637644018
2002-06-04,-9.03651307504545,-1.994349479836942,38.53906778550828,-0.612532527889315
2002-06-05,-9.584957230900883,-3.289115286579878,39.311498675890725,-0.07246078820726864
2002-06-06,-8.486404876772728,-1.345244704888323,37.24686665454364,0.7790078265792411
2002-06-07,-10.51517002240628,-1.8812082868381665,38.49700011702297,0.19211773135750165
2002-06-08,-12.603058599836828,-0.5815964513871916,39.55098067474337,1.2057053695466156
2002-06-09,-12.20987013066308,-0.06915262507207032,40.780306439517176,-0.7494659226566331
2002-06-10,-13.311427856885294,-0.730724350039339,41.21867850431155,-1.4130704341980875
2002-06-11,-13.719569350006719,-1.114193827131356,41.1574445702548,-0.7987026235361205
2002-06-12,-12.558387043289859,-0.46631928981483706,42.06327893712088,-1.07693810088312
2002-06-13,-12.373883014768952,-1.9112442161325953,42.409803636394535,-0.8653664910000689
2002-06-14,-13.675304941428825,-1.551353710336147,42.51370613821392,-0.30019523855691155
2002-06-15,-12.797493002376529,-0.1395718486383002,43.49451637055877,0.030708894178836432
2002-06-16,-12.920491249388151,-0.7717372787609116,43.30025850777819,-1.2918652129604864
2002-06-17,-12.449196591658342,0.7731743903220663,43.90331122994046,0.2862380465792085
2002-06-18,-11.870488397092561,0.280686275099422,44.721104452294874,1.756054584882732
2002-06-19,-13.009455270659702,-0.6811836584327589,43.70269473898321,1.4435302769837115
2002-06-20,-12.102294871673807,-2.428375428929783,44.31936394944122,0.4349410363740023
2002-06-21,-11.208069850655004,-1.3013948816142367,44.263011916197165,1.9561641264396574
2002-06-22,-11.053480609642394,0.06757674235729083,44.82152937198456,1.3782184147788967
2002-06-23,-12.074501532714764,0.33109185830874865,46.56671921658068,3.7622787688377173
2002-06-24,-10.81072278059543,2.694049000066421,46.48692839852549,2.7825035770622053
2002-06-25,-10.65157640612696,5.7238427185329845,46.212555887131124,3.6045227262722284
2002-06-26,-9.716612555129267,4.746070131838672,46.841109807905994,4.069758873999139
2002-06-27,-10.155228254220145,4.539434924352953,46.79173765081134,2.0512973449084484
2002-06-28,-10.368470921453465,4.6991146837256865,46.86368283953985,1.2099695307008305
2002-06-29,-9.086500368123604,4.057699749490938,48.33288322554759,-0.2832759064727657
2002-06-30,-8.602709755811201,3.0679043736155407,49.2741686133588,0.7550486202608448
2002-07-01,-9.347969840889656,3.129174083600445,48.68814829666911,1.3902622762843297
2002-07-02,-7.588370616283548,3.484007124151344,47.61101449208427,1.5129694991833282
2002-07-03,-6.632839228798127,3.5459455394631956,47.062159965259674,1.049706443360553
2002-07-04,-6.1287305072118645,4.953030928291567,46.89510290501172,1.1449084465696846
2002-07-05,-6.715597714298477,5.154611922715181,46.66912851785907,1.1137687449480034
2002-07-06,-6.2215964350131685,4.1822406400786045,46.94768826330882,0.9206962644928286
2002-07-07,-5.1537464369022015,5.57320459625076,46.5283368313443,0.5265542212899477
2002-07-08,-7.046453776272956,5.957968833530491,47.23848800479362,1.277429454274075
2002-07-09,-6.210107239479937,5.640937689877669,48.10889349705608,1.3095197256443551
2002-07-10,-6.291509030063313,5.305512756254977,47.61923229375456,2.983043283218951
2002-07-11,-6.059361900513981,5.632025567761884,46.64082844159373,4.245431202508467
2002-07-12,-5.607477266703425,5.273958749493011,45.3777956209071,5.207182993590017
2002-07-13,-4.840590528035417,8.499578004947828,45.522200917084824,6.523759782529407
2002-07-14,-3.2532428259162978,8.150030172822984,44.64492283145991,7.266711911893112
2002-07-15,-5.463735200708063,8.973253157712469,44.76781881352751,6.938707257300614
2002-07-16,-5.9271873785087035,8.84149641217558,44.86824016967502,6.893321150755692
2002-07-17,-5.633628343047808,9.213698044694837,44.77253426921106,5.919040850729575
2002-07-18,-5.6806372298124055,9.208687043489089,43.93158870326534,5.982351490772206
2002-07-19,-4.867257507822627,8.937584251886918,42.92982149840156,4.494749334315762
2002-07-20,-3.9075755669386014,6.890404558976259,44.800816365995175,4.1563395708556845
2002-07-21,-4.062087901576611,7.052208315112733,42.14425761434469,5.6060421886165965
2002-07-22,-5.61581987065621,8.983242772948792,40.53807629963409,7.31555480833029
2002-07-23,-5.599977157078236,10.739395680262165,40.44093147054553,8.248035679701795
2002-07-24,-6.566455500143442,8.333975143301195,40.06772806489108,7.240746949620014
2002-07-25,-7.0750332972495045,8.100199025119569,39.7924597033154,7.3675744492752955
2002-07-26,-6.62427359040523,8.708125641707092,39.5473471160572,7.3167744826476016
2002-07-27,-5.926622058944928,8.224276196697366,38.551575979899795,7.16985687554158
2002-07-28,-5.712141223415982,8.32877449687707,40.099820712588865,8.246451199028675
2002-07-29,-5.553575274316034,9.560099794262122,40.381300338984985,8.973493894798093
2002-07-30,-5.936009536266504,9.981335323494807,41.16055852409142,9.779689884244874
2002-07-31,-4.917560952092799,10.808787778678184,41.220546931392384,9.959980222596542
2002-08-01,-4.203841798066022,9.249893545003042,41.47823925847999,9.53707316880384
2002-08-02,-2.423190891261063,7.438837034411981,39.115643712869044,10.671371239050938
2002-08-03,-2.8100574747526843,6.6621704580955345,37.722892324963816,10.07449763489699
2002-08-04,-2.8518996596209796,6.011594115046921,38.28371508410864,10.03362451020792
2002-08-05,-2.2123732170502572,6.665727604446417,39.330639401441694,9.891488812323376
2002-08-06,-3.304009651456802,5.885745734013964,39.60694586280145,11.110966157285064
2002-08-07,-4.719313561769215,5.666818474752415,40.24965837735213,12.491433318754916
2002-08-08,-4.967410145266212,5.295359938026563,41.2406305288066,13.357304453350503
2002-08-09,-7.102746857957815,4.835823560193493,41.9714105704477,14.462888003310901
2002-08-10,-8.815507043764365,5.875021261626292,41.15613029429973,14.200515569355813
2002-08-11,-9.840597251966049,6.857815246924749,41.380735510027904,15.544640444677123
2002-08-12,-8.454042080446143,5.552312672946495,40.22736717994107,16.20597548616979
2002-08-13,-9.182557034201075,4.65071939360566,40.62852854023524,16.187628405752957
2002-08-14,-9.722886026405895,4.727170588144932,40.71248342772055,16.78755381771722
2002-08-15,-12.053197292451717,4.203584623716008,39.24147692141462,18.301178338157396
2002-08-16,-12.343502872308223,6.685027474858892,37.865937809346626,19.679685288668214
2002-08-17,-13.414329939479147,7.780873685316419,38.823156067049915,20.444508550978853
2002-08-18,-13.12581681508927,8.387149960047493,37.20817165995879,20.916512443102118
2002-08-19,-15.413619825486318,9.889344251737407,35.6511934161026,20.33060151550848
2002-08-20,-14.335182388560035,8.765460448908161,34.72502850819221,20.75030541477612
2002-08-21,-14.120228874833657,9.98399208778256,36.05839126885799,20.173159813247736
2002-08-22,-14.949726984336605,11.774226315154676,35.52018054508448,21.703050531723424
2002-08-23,-14.04545935610408,11.961951677301839,35.14922088170566,21.19378483190517
2002-08-24,-15.204066311849783,11.877494388482956,37.26586772355236,20.18323128794331
2002-08-25,-16.22131042390738,10.626123606166457,37.75141063588377,19.967550161264178
2002-08-26,-15.441516157607914,10.533807784819986,36.03799944356322,19.35848084644801
2002-08-27,-15.482612688538422,10.156942933009892,35.16645346157482,19.214978525963573
2002-08-28,-13.89713777342624,8.955573941846804,35.276519848690775,19.16536363216837
2002-08-29,-14.71351496821167,7.870995745650358,35.005970740569815,18.951142906445636
2002-08-30,-16.62188073072517,7.891552586336005,34.977552041011286,20.232412268399415
2002-08-31,-16.02284496884205,6.837397379881727,34.77601986307097,20.88644760682397
2002-09-01,-15.75493867893257,7.907057621603691,35.27277702541499,21.794995889713803
2002-09-02,-16.490253954268866,6.966702725362094,34.71470749727646,20.426802760342714
2002-09-03,-14.754682187362409,7.815178181322658,37.30102523345296,19.39145014655428
2002-09-04,-15.610472026412626,8.83887346276328,35.52625436322053,19.60896078565107
2002-09-05,-15.176376789815457,8.966777362180881,33.95409536908664,19.576354509017875
2002-09-06,-14.831597118605194,9.030363525723898,31.2612023625646,20.32630673933977
2002-09-07,-14.302738471103508,9.840687421665855,30.798095667725253,20.424060808038607
2002-09-08,-14.22641476878933,9.399509469293267,30.225709010738985,21.26970710092562
2002-09-09,-13.304139295958691,9.473445987358373,29.897686229202932,23.024841083976472
2002-09-10,-12.67921696340666,10.119948509232126,30.100244023425752,24.6794612102564
2002-09-11,-14.0036183326972,9.571161332731823,29.871604831590822,25.50505701361205
2002-09-12,-13.418440103093312,8.020714009272188,29.834290823765446,25.24537276262644
2002-09-13,-15.198386712732008,7.88618680794564,30.635973717164763,25.346645813264377
2002-09-14,-15.727516217727382,7.223708713280665,30.59271390735346,27.59649528247565
2002-09-15,-15.733050749745194,6.970338070921606,30.63356132706832,27.793969767605365
2002-09-16,-16.047695884377614,7.111148692597859,29.6576022089977,27.326552912884566
2002-09-17,-15.497621561328332,7.688791175825925,30.517822530425384,26.587309647975438
2002-09-18,-14.37315700398702,6.09987294570003,30.72142407628606,27.55410285779283
2002-09-19,-15.746766970106657,5.187171253533103,29.77148897479698,27.759470055301147
2002-09-20,-16.389204203110644,5.662547900754743,27.859645596766004,26.99812230460964
2002-09-21,-17.357334471406983,6.302390079650004,28.844251109732127,28.57547614941412
2002-09-22,-16.4353097866251,8.171883939480528,28.63894266618403,27.9448915969399
2002-09-23,-17.404037339462025,7.917203987940165,27.93427074021069,27.26243506026931
2002-09-24,-15.959721145058953,7.834133374456855,29.030614823745168,25.779777154078086
2002-09-25,-15.970977205200247,7.918975134194569,27.123454590187784,25.025818228526585
2002-09-26,-16.799092929402246,7.671650656400361,27.653129818138005,24.93661539399463
